date,open,high,low,close,volume_base,quote_volume_usd,number_of_trades,taker_buy_base,taker_buy_quote,binance_symbol
2023-03-23,0.5,1.6,0.5,1.3217,495714259.2,669932083.21377,1554607,239582225.3,324232707.79253,ARBUSDT
2023-03-24,1.3218,1.5675,1.1717,1.2727,543509688.1,752523772.91822,1454212,256537764.5,356122482.00129,ARBUSDT
2023-03-25,1.2726,1.315,1.18,1.2178,281919109.5,349520142.61178,594751,132853921.8,164852695.4293,ARBUSDT
2023-03-26,1.2179,1.3499,1.2021,1.2818,242122030.3,310185662.0224,450244,121101774.6,155184560.24642,ARBUSDT
2023-03-27,1.2818,1.3259,1.116,1.1657,255551499.3,311604780.54595,478861,116410350.0,142328793.16518,ARBUSDT
2023-03-28,1.1658,1.224,1.11,1.2204,202773340.2,234892901.28842,368178,101468149.3,117815450.54963,ARBUSDT
2023-03-29,1.2202,1.2767,1.1957,1.2257,192740067.4,237899785.88639,327097,95260399.0,117662729.89337,ARBUSDT
2023-03-30,1.2257,1.43,1.2234,1.3796,432682328.8,578876650.49493,800177,222740167.3,298007301.57198,ARBUSDT
2023-03-31,1.3795,1.445,1.3274,1.3897,237400514.1,328861551.68498,481411,120354416.3,166873172.49637,ARBUSDT
2023-04-01,1.3897,1.4028,1.26,1.2931,176749888.6,233821986.97862,351155,81882061.9,108275353.11871,ARBUSDT
2023-04-02,1.293,1.2985,1.1329,1.2016,273657244.1,331454458.65718,510219,134871807.1,163428692.30468,ARBUSDT
2023-04-03,1.2017,1.2279,1.1,1.153,238034627.3,280329403.36809,480886,113927329.6,134370729.221,ARBUSDT
2023-04-04,1.1527,1.2687,1.1479,1.2345,175931684.0,212519021.88563,339191,92979020.9,112386980.62921,ARBUSDT
2023-04-05,1.2345,1.2905,1.2046,1.2425,147233101.0,184702389.63259,308117,72829918.3,91450838.62234,ARBUSDT
2023-04-06,1.2419,1.2444,1.18,1.2149,93713487.2,113173742.52655,227094,45582544.4,55059651.02043,ARBUSDT
2023-04-07,1.2151,1.2469,1.1813,1.197,76374712.6,92414847.97276,185853,36323679.1,43989921.79432,ARBUSDT
2023-04-08,1.1969,1.21,1.1523,1.1618,57591943.0,68131764.02687,146087,25671366.2,30409254.14165,ARBUSDT
2023-04-09,1.1618,1.2,1.1431,1.1815,59181617.2,69163981.78289,140203,29097338.6,34035243.32405,ARBUSDT
2023-04-10,1.1815,1.2539,1.1625,1.2423,98770687.8,118976514.6686,184296,50232772.5,60597476.06587,ARBUSDT
2023-04-11,1.2423,1.259,1.2032,1.2164,85393969.6,105254360.64188,165996,41647632.9,51350540.40925,ARBUSDT
2023-04-12,1.2162,1.2193,1.1528,1.1934,103650019.0,122754788.29227,200475,49522981.8,58659558.87483,ARBUSDT
2023-04-13,1.1935,1.377,1.1777,1.369,229925695.5,301216866.63952,436333,118002129.7,154286069.16094,ARBUSDT
2023-04-14,1.3689,1.745,1.368,1.6985,531188625.7,826118730.3246701,1141885,275961711.2,428934042.99811,ARBUSDT
2023-04-15,1.6982,1.744,1.595,1.6531,248513399.8,414207243.82855,572672,127733427.1,212974825.0522,ARBUSDT
2023-04-16,1.6531,1.7228,1.572,1.6957,203386521.6,332642833.7275,432930,99635034.6,163068068.58451,ARBUSDT
2023-04-17,1.6957,1.6993,1.5819,1.6091,160893493.5,261945283.42304,364598,78093094.8,127144681.23327,ARBUSDT
2023-04-18,1.6093,1.82,1.582,1.6731,300760709.2,516812935.81904,643663,156810891.2,269603724.61926,ARBUSDT
2023-04-19,1.6726,1.6966,1.4543,1.4888,280622993.7,438441810.19323,699250,133863905.9,209123951.29891,ARBUSDT
2023-04-20,1.4886,1.545,1.4036,1.442,241956942.9,358454314.24985,495571,116995112.1,173401698.65765,ARBUSDT
2023-04-21,1.4419,1.5036,1.41,1.4719,234777423.3,340360740.76319,473427,118027907.6,171192462.25178,ARBUSDT
2023-04-22,1.4717,1.5003,1.42,1.4652,161249474.5,235315083.39117,320905,83979948.2,122611932.35895,ARBUSDT
2023-04-23,1.4652,1.4652,1.3,1.3405,162687287.9,224688696.81425,324578,81040945.2,111842202.76942,ARBUSDT
2023-04-24,1.3405,1.3689,1.28,1.3385,160683841.4,213192113.69572,308157,79312937.2,105272130.75677,ARBUSDT
2023-04-25,1.3382,1.3873,1.2933,1.3794,159350211.5,211600050.84145,299761,80057333.6,106357944.76323,ARBUSDT
2023-04-26,1.3794,1.5052,1.32,1.384,266578020.3,377385261.30504,486404,128138389.1,181431924.41437,ARBUSDT
2023-04-27,1.3841,1.4544,1.37,1.4232,143289522.4,203146460.17556,291360,71536654.3,101448195.18853,ARBUSDT
2023-04-28,1.4232,1.4439,1.36,1.3799,95044843.4,133226120.3102,189966,45176924.0,63308131.42785,ARBUSDT
2023-04-29,1.3801,1.3948,1.33,1.3675,43764208.7,60010394.27391,97642,20448341.2,28049539.0986,ARBUSDT
2023-04-30,1.3675,1.4254,1.3464,1.3683,72287055.3,100112370.08527,144957,34964542.5,48427259.87212,ARBUSDT
2023-05-01,1.3685,1.3908,1.288,1.3187,85547899.4,114210187.43188,165281,40289840.6,53848325.4943,ARBUSDT
2023-05-02,1.3187,1.3595,1.3073,1.3486,57278100.9,76124744.3507,120508,28828250.8,38325967.26887,ARBUSDT
2023-05-03,1.3486,1.3638,1.2954,1.3428,80533908.5,106664763.85367,170769,39610860.3,52477584.92509,ARBUSDT
2023-05-04,1.3428,1.3652,1.3073,1.3183,66484608.2,88645379.87799,121494,32446123.8,43266330.51275,ARBUSDT
2023-05-05,1.3184,1.3667,1.29,1.3562,85542674.2,113946289.10653,153480,44325144.6,59063628.46952,ARBUSDT
2023-05-06,1.3562,1.3679,1.2155,1.2393,125932908.6,160010840.58745,231282,57718462.5,73235375.08507,ARBUSDT
2023-05-07,1.2393,1.2599,1.2161,1.2194,66932603.8,83048839.84269,127715,34152272.7,42398292.68374,ARBUSDT
2023-05-08,1.2193,1.23,1.0111,1.0945,190017957.6,213874646.70951,424330,87261483.9,98383551.33446,ARBUSDT
2023-05-09,1.0946,1.1201,1.0772,1.1029,94286343.0,103527552.98898,173177,46421447.5,50976099.64678,ARBUSDT
2023-05-10,1.1031,1.2058,1.0867,1.1709,199788891.5,229285581.70712,338263,99150618.4,113812142.45845,ARBUSDT
2023-05-11,1.1708,1.1722,1.0503,1.0888,129897745.9,143455263.76381,225728,61624961.8,68057134.17426,ARBUSDT
2023-05-12,1.0889,1.1777,1.0608,1.172,130976835.8,145633499.00179,277334,64874156.4,72212687.91713,ARBUSDT
2023-05-13,1.172,1.1916,1.1438,1.1701,72548008.2,84728589.58257,152262,36313732.0,42402414.42755,ARBUSDT
2023-05-14,1.17,1.2078,1.1416,1.1705,63566039.5,74705802.72839,147214,32223956.2,37872235.00906,ARBUSDT
2023-05-15,1.1703,1.23,1.1478,1.1883,88401390.7,106324682.67058,191357,42780896.2,51435406.86515,ARBUSDT
2023-05-16,1.1884,1.2133,1.1625,1.1802,69837029.8,82855958.02706,149146,34587456.8,41053809.56334,ARBUSDT
2023-05-17,1.1801,1.2124,1.1314,1.1984,75624032.3,89146910.46743,157418,36535159.2,43085793.72759,ARBUSDT
2023-05-18,1.1984,1.2149,1.1361,1.1558,65314586.5,76883153.08293,130553,32066215.4,37751606.83348,ARBUSDT
2023-05-19,1.1561,1.1733,1.1416,1.1636,44685807.2,51668201.33462,95291,22166417.6,25630590.00948,ARBUSDT
2023-05-20,1.1636,1.1695,1.1498,1.1634,24322161.6,28180471.53521,50370,11221206.1,13006852.47534,ARBUSDT
2023-05-21,1.1636,1.1711,1.1095,1.1275,35299855.5,40276003.06053,83324,16035211.8,18292218.47849,ARBUSDT
2023-05-22,1.1274,1.1403,1.1056,1.1254,34381113.0,38611452.83196,77933,17184748.6,19300511.33458,ARBUSDT
2023-05-23,1.1254,1.1806,1.1191,1.1666,49638479.1,57690853.28957,99467,24126388.7,28026329.21305,ARBUSDT
2023-05-24,1.1666,1.1672,1.0801,1.1093,67414125.4,75200353.61181,133547,31194573.5,34769504.66636,ARBUSDT
2023-05-25,1.1093,1.1164,1.0672,1.1066,55170483.9,60602298.71994,110610,26823104.5,29453194.4686,ARBUSDT
2023-05-26,1.1066,1.181,1.1032,1.1578,77326911.2,89034284.94026,163491,38470463.3,44324836.18971,ARBUSDT
2023-05-27,1.1578,1.1787,1.1502,1.1721,38743611.5,45029366.10125,81373,19016091.2,22108015.73732,ARBUSDT
2023-05-28,1.1721,1.2592,1.1642,1.2481,83679711.7,101141790.5438,160292,41746687.5,50451614.19811,ARBUSDT
2023-05-29,1.2482,1.2798,1.205,1.2266,77856522.9,96747128.48614,157580,36988074.5,45968477.20765,ARBUSDT
2023-05-30,1.2267,1.2482,1.2067,1.2181,59864078.4,73613998.58932,124999,29803786.8,36653083.1219,ARBUSDT
2023-05-31,1.2182,1.2363,1.135,1.1607,69174488.3,81298215.67678,130342,32687246.5,38400214.09962,ARBUSDT
2023-06-01,1.1606,1.1679,1.1281,1.1461,33505494.3,38554702.26647,75026,14994108.3,17261152.77216,ARBUSDT
2023-06-02,1.1461,1.2586,1.1347,1.2407,85117991.9,104091305.3718,180773,42606406.8,52091545.79991,ARBUSDT
2023-06-03,1.2409,1.2572,1.2037,1.2158,43809651.8,54000378.91452,97542,21508831.3,26530392.39986,ARBUSDT
2023-06-04,1.2157,1.2354,1.2001,1.2071,27355404.2,33391584.00324,59547,13322716.5,16268453.9831,ARBUSDT
2023-06-05,1.2067,1.2067,1.0613,1.1356,115265008.0,131799959.66909,242705,53576115.3,61306996.4569,ARBUSDT
2023-06-06,1.1355,1.2,1.104,1.1896,97763425.0,112544999.62166,210351,47680593.7,54909111.62997,ARBUSDT
2023-06-07,1.1896,1.1958,1.1159,1.1261,57219238.6,66055816.3183,145598,27030461.1,31185421.82925,ARBUSDT
2023-06-08,1.1261,1.1514,1.1056,1.1287,39436174.5,44452960.67135,91005,18863497.3,21263138.75635,ARBUSDT
2023-06-09,1.1288,1.154,1.1145,1.1317,28506124.3,32330963.88899,69482,13288483.1,15082182.96187,ARBUSDT
2023-06-10,1.1317,1.1338,0.9294,0.9932,166047016.3,168049027.44013,404596,76345688.5,77231502.14936,ARBUSDT
2023-06-11,0.9933,1.0178,0.974,0.992,50770338.8,50599111.14446,114379,23955394.0,23883270.35108,ARBUSDT
2023-06-12,0.9921,0.9981,0.954,0.9788,68832854.6,67147378.95907,138234,35098874.1,34207307.5148,ARBUSDT
2023-06-13,0.9787,1.034,0.9685,0.9932,66922099.3,66949166.59981,149475,31357183.5,31370762.09041,ARBUSDT
2023-06-14,0.9931,1.012,0.9184,0.9418,54776158.6,53480238.72336,123749,25049405.8,24462680.04446,ARBUSDT
2023-06-15,0.9419,0.9604,0.9075,0.9504,53024487.0,49430342.4292,135878,24423739.7,22774519.59944,ARBUSDT
2023-06-16,0.9503,0.987,0.9226,0.9754,45830213.7,43833085.57272,102215,22332988.1,21370244.46084,ARBUSDT
2023-06-17,0.9754,1.0131,0.9666,0.994,36744136.9,36475791.8127,84800,17946771.8,17811373.96884,ARBUSDT
2023-06-18,0.9939,1.0246,0.9818,0.9943,35635277.9,35820116.8056,97507,17637222.1,17735019.79807,ARBUSDT
2023-06-19,0.9943,1.0178,0.9856,1.0073,29777653.3,29777228.76987,79987,14715742.2,14717446.91075,ARBUSDT
2023-06-20,1.0073,1.09,0.9825,1.0834,66970269.6,69359325.98514,151486,33118838.2,34335748.52466,ARBUSDT
2023-06-21,1.0833,1.15,1.0768,1.1405,93746416.1,104277183.44224,231019,46933531.9,52159999.76733,ARBUSDT
2023-06-22,1.1406,1.1755,1.0824,1.0873,67981082.9,76657607.69246,192680,33383676.2,37658113.47299,ARBUSDT
2023-06-23,1.0875,1.16,1.0865,1.135,67068115.5,75568363.28526,180951,32854379.9,37026349.39346,ARBUSDT
2023-06-24,1.1351,1.1351,1.0553,1.08,45896280.6,50390138.50538,129549,22230890.4,24415427.76299,ARBUSDT
2023-06-25,1.0801,1.139,1.0734,1.1133,51072557.9,56629678.68251,138128,23789894.5,26368138.76799,ARBUSDT
2023-06-26,1.1134,1.1771,1.0811,1.1393,93134431.2,106019402.4183,264009,45307741.1,51587355.70823,ARBUSDT
2023-06-27,1.1396,1.2447,1.1372,1.2068,92047161.1,110971123.72375,244334,45339934.2,54635094.35555,ARBUSDT
2023-06-28,1.2066,1.208,1.1,1.1212,85231091.1,98080317.70375,205959,40927733.9,47111774.52575,ARBUSDT
2023-06-29,1.1211,1.1683,1.1171,1.129,57043661.4,65106335.18396,140024,28001648.0,31959346.67667,ARBUSDT
2023-06-30,1.1293,1.1976,1.0632,1.1638,131933322.4,150867607.31094,334688,64363526.6,73641595.91564,ARBUSDT
2023-07-01,1.1636,1.175,1.1342,1.1514,40352979.6,46473810.55872,99549,18152021.4,20904454.74727,ARBUSDT
2023-07-02,1.1512,1.1616,1.1162,1.1511,36723276.4,41800717.11607,101342,17616366.0,20053193.72532,ARBUSDT
2023-07-03,1.1511,1.184,1.1476,1.1694,50849349.9,59498136.33739,122504,25472727.3,29803702.94593,ARBUSDT
2023-07-04,1.1693,1.198,1.1426,1.1488,46515719.2,54483082.52147,112283,23411924.6,27427342.19571,ARBUSDT
2023-07-05,1.1487,1.1572,1.085,1.1117,43694827.3,49042621.27454,112059,20548816.9,23045127.29405,ARBUSDT
2023-07-06,1.1117,1.1448,1.058,1.0678,52476837.5,58174058.79564,146691,24512356.8,27198229.69104,ARBUSDT
2023-07-07,1.0679,1.1338,1.0571,1.1316,53835791.6,59542730.01668,151823,28125469.5,31121800.30495,ARBUSDT
2023-07-08,1.1317,1.1505,1.1105,1.1247,33248410.0,37617760.16966,85823,17706042.9,20044676.44676,ARBUSDT
2023-07-09,1.1247,1.143,1.1211,1.1245,37628437.3,42651619.39819,80581,18969038.5,21498344.95421,ARBUSDT
2023-07-10,1.1245,1.1443,1.0945,1.1193,40698798.9,45502635.95973,105708,20009375.7,22380276.54922,ARBUSDT
2023-07-11,1.1192,1.1341,1.11,1.1272,29744788.4,33360067.93257,70342,14079566.9,15798587.35794,ARBUSDT
2023-07-12,1.1272,1.1393,1.1082,1.1219,43186392.3,48712598.69601,91334,21090154.0,23792564.25916,ARBUSDT
2023-07-13,1.1218,1.25,1.1118,1.2237,83084202.0,98737457.11305,220282,43321817.6,51516811.65265,ARBUSDT
2023-07-14,1.2236,1.34,1.1644,1.2144,143164569.7,177034647.76025,399819,70881708.4,87874902.80253,ARBUSDT
2023-07-15,1.2144,1.334,1.2043,1.271,94883634.5,120584521.9584,242865,45765317.9,58190027.52716,ARBUSDT
2023-07-16,1.2711,1.3107,1.2341,1.2712,53253421.4,68046558.02618,149306,26121722.3,33393319.34905,ARBUSDT
2023-07-17,1.2711,1.3499,1.2504,1.3052,88908688.4,115579619.91977,257141,44054364.6,57301589.98359,ARBUSDT
2023-07-18,1.305,1.331,1.2131,1.2451,73200138.9,93094296.60309,203552,35859213.6,45627631.70941,ARBUSDT
2023-07-19,1.2445,1.2976,1.2311,1.2667,52113365.1,65937001.1668,131045,25293753.9,32025049.92068,ARBUSDT
2023-07-20,1.2666,1.312,1.2476,1.2614,57556923.5,73619564.5487,143924,26385427.6,33763983.92471,ARBUSDT
2023-07-21,1.2615,1.298,1.2303,1.233,45272669.9,57102812.49472,96308,22212815.0,28042484.91825,ARBUSDT
2023-07-22,1.2331,1.2522,1.2139,1.2258,16645592.3,20612947.99787,50025,7549088.9,9351423.81967,ARBUSDT
2023-07-23,1.2258,1.27,1.2167,1.2511,28651147.6,35701217.61235,71653,14717429.8,18344757.76593,ARBUSDT
2023-07-24,1.2511,1.254,1.1652,1.1862,44098401.1,52969998.19681,105140,19656836.8,23596306.28692,ARBUSDT
2023-07-25,1.1863,1.1952,1.1552,1.1687,24737966.6,29042574.44483,68530,11432154.7,13423058.60401,ARBUSDT
2023-07-26,1.1687,1.207,1.15,1.1976,30886900.7,36327013.45242,86708,14953646.9,17601635.35221,ARBUSDT
2023-07-27,1.1978,1.2089,1.1673,1.1729,19387171.5,23105073.63195,49605,8561672.3,10206303.22497,ARBUSDT
2023-07-28,1.1729,1.1812,1.1538,1.1736,17169997.5,20078278.24934,45840,7654200.3,8955945.20393,ARBUSDT
2023-07-29,1.1736,1.184,1.1714,1.1823,8097316.3,9534984.64781,25944,3942125.6,4641815.39424,ARBUSDT
2023-07-30,1.1824,1.1894,1.1397,1.1585,19756586.9,23105763.9537,53880,9030656.9,10563424.96489,ARBUSDT
2023-07-31,1.1584,1.1955,1.1535,1.1693,27031952.6,31730121.24899,65409,13659696.5,16036693.16976,ARBUSDT
2023-08-01,1.1694,1.1757,1.1211,1.1627,33704668.6,38569922.50086,76097,16920880.9,19362459.07106,ARBUSDT
2023-08-02,1.1628,1.1749,1.1231,1.1333,30072008.8,34541434.56429,70081,13404250.6,15389466.73673,ARBUSDT
2023-08-03,1.1329,1.1506,1.1187,1.1292,24196608.6,27411739.84152,52501,11895432.4,13482449.52028,ARBUSDT
2023-08-04,1.1292,1.1663,1.1276,1.1577,23883256.5,27469376.88024,55038,11835615.3,13612490.79612,ARBUSDT
2023-08-05,1.1577,1.1599,1.1316,1.1373,14784614.6,16945859.0678,32949,6749160.3,7736468.56037,ARBUSDT
2023-08-06,1.1373,1.1473,1.1283,1.1384,12644554.4,14399408.75824,30677,5824747.3,6635112.92962,ARBUSDT
2023-08-07,1.1385,1.1548,1.1101,1.1345,24842280.9,28192131.66504,55757,11264458.0,12784910.88836,ARBUSDT
2023-08-08,1.1346,1.1742,1.1318,1.1603,28957898.2,33327387.30504,61715,13804313.7,15888463.31591,ARBUSDT
2023-08-09,1.1602,1.1956,1.1602,1.1761,41496971.2,48874751.25625,101517,19938870.6,23488654.68079,ARBUSDT
2023-08-10,1.1762,1.1892,1.155,1.1603,24479088.1,28677551.68523,61297,11318905.7,13274202.24085,ARBUSDT
2023-08-11,1.1603,1.1646,1.1515,1.1588,12790197.2,14808675.34169,29945,6111425.6,7076553.29656,ARBUSDT
2023-08-12,1.1588,1.173,1.1554,1.1639,8682190.4,10091447.59581,21889,4821145.7,5606374.03605,ARBUSDT
2023-08-13,1.164,1.1685,1.1396,1.141,13364572.5,15465846.04789,30208,5420924.0,6281649.97214,ARBUSDT
2023-08-14,1.1411,1.1541,1.1319,1.1417,18582640.2,21241185.6181,39443,8951076.7,10235178.11624,ARBUSDT
2023-08-15,1.1418,1.1672,1.111,1.1301,32200168.5,36763154.94451,73729,15420622.8,17618601.2479,ARBUSDT
2023-08-16,1.13,1.1358,1.0254,1.049,61631368.4,67026433.23828,131210,28146473.2,30591006.76201,ARBUSDT
2023-08-17,1.0491,1.0675,0.916,0.9845,83393302.6,84329368.60978,194710,39662986.6,40087355.59224,ARBUSDT
2023-08-18,0.9843,1.0264,0.9796,1.007,42948173.0,43130576.96206,105491,21908623.7,22009104.18326,ARBUSDT
2023-08-19,1.007,1.0331,1.004,1.0211,18304473.4,18600593.2756,42571,8753488.5,8897762.03409,ARBUSDT
2023-08-20,1.0211,1.0412,1.0158,1.0292,18058972.6,18579868.14394,38786,8637173.2,8889467.17588,ARBUSDT
2023-08-21,1.0292,1.034,0.9731,0.9942,29878736.6,30005702.7713,68307,13548462.0,13604742.93766,ARBUSDT
2023-08-22,0.9943,1.0046,0.9342,0.9821,38533398.6,37593516.3081,84216,18315443.2,17870751.32165,ARBUSDT
2023-08-23,0.9821,1.03,0.9766,1.009,30883966.8,30827169.73533,68566,15745572.7,15723704.09521,ARBUSDT
2023-08-24,1.0089,1.0144,0.963,0.9812,24202414.4,23936187.30706,62869,10531377.9,10417191.77351,ARBUSDT
2023-08-25,0.9813,0.9813,0.9317,0.9492,32485307.0,30917479.30139,84438,14451951.6,13752967.27282,ARBUSDT
2023-08-26,0.9491,0.9557,0.938,0.9506,15026370.4,14213059.79097,34908,6760289.2,6396636.31327,ARBUSDT
2023-08-27,0.9506,0.9647,0.9458,0.9586,17180839.7,16434406.84785,34925,8080423.9,7731868.58678,ARBUSDT
2023-08-28,0.9585,0.9604,0.92,0.9501,26501170.1,24940150.9453,59328,11635692.4,10951417.49737,ARBUSDT
2023-08-29,0.9498,0.9985,0.9329,0.9711,48866855.8,47211918.32114,104233,23364798.0,22600950.0774,ARBUSDT
2023-08-30,0.971,0.972,0.9353,0.9423,27311575.1,25999115.6999,56396,12502169.2,11898658.59541,ARBUSDT
2023-08-31,0.9423,0.9596,0.9009,0.9161,42555022.4,39552532.29435,93811,20864732.8,19393606.8318,ARBUSDT
2023-09-01,0.916,0.9291,0.8701,0.8848,36363970.2,32727733.48028,80302,17415986.6,15681230.34033,ARBUSDT
2023-09-02,0.8848,0.8992,0.8749,0.8881,19659100.6,17456268.74532,43041,9071679.9,8056592.75935,ARBUSDT
2023-09-03,0.8883,0.912,0.879,0.9048,19459082.1,17377464.12461,44531,9682755.3,8652618.34916,ARBUSDT
2023-09-04,0.9049,0.928,0.8833,0.8967,28838376.2,26112900.2589,60521,13883858.3,12570799.77085,ARBUSDT
2023-09-05,0.8968,0.9129,0.8835,0.9011,19954862.4,17902351.11077,42245,9844872.8,8835730.62816,ARBUSDT
2023-09-06,0.9011,0.9109,0.8793,0.9017,25673876.6,23026993.63775,53776,12576175.5,11284228.21726,ARBUSDT
2023-09-07,0.9018,0.921,0.8968,0.9132,20405775.2,18490567.56515,40929,10542633.1,9556807.93012,ARBUSDT
2023-09-08,0.9132,0.9234,0.8891,0.9018,20574730.1,18649767.95603,53039,9348937.1,8479582.63728,ARBUSDT
2023-09-09,0.9017,0.9034,0.8951,0.8982,7808658.1,7024341.99356,25017,3970949.5,3572228.61407,ARBUSDT
2023-09-10,0.8983,0.8986,0.8302,0.8442,51229327.9,43944777.83065,113029,23609301.3,20244764.17189,ARBUSDT
2023-09-11,0.8442,0.8488,0.739,0.7623,103453304.1,81425526.2048,220364,48345728.1,38012308.2376,ARBUSDT
2023-09-12,0.7623,0.805,0.753,0.7833,69536133.2,54153301.82826,149725,33570275.4,26157490.2275,ARBUSDT
2023-09-13,0.783,0.823,0.7725,0.7856,52418920.0,41395021.53104,132177,24635884.6,19465405.11134,ARBUSDT
2023-09-14,0.7856,0.82,0.782,0.8036,39326599.1,31680192.94806,89828,18998484.9,15309843.0524,ARBUSDT
2023-09-15,0.8038,0.8149,0.7827,0.8078,30610271.2,24447284.52945,76302,14049470.6,11223430.20611,ARBUSDT
2023-09-16,0.8077,0.8377,0.8065,0.8278,31965136.3,26331396.11474,75808,16254007.2,13390093.92557,ARBUSDT
2023-09-17,0.8279,0.828,0.7805,0.7946,22841991.5,18356795.16123,62245,10901299.0,8759013.49148,ARBUSDT
2023-09-18,0.7947,0.8409,0.7839,0.8237,38335436.7,31484029.74596,90711,18632309.2,15281828.49454,ARBUSDT
2023-09-19,0.8235,0.8649,0.8184,0.8641,29420361.9,24790108.71687,73375,15226259.4,12840475.57724,ARBUSDT
2023-09-20,0.8641,0.8708,0.8336,0.8605,31674042.8,26936286.05607,77810,14457636.1,12295685.77519,ARBUSDT
2023-09-21,0.8607,0.8658,0.8088,0.8222,32093760.5,26658249.44087,82849,14526671.8,12070322.89581,ARBUSDT
2023-09-22,0.8221,0.8484,0.8153,0.8404,19067882.5,15958231.17341,54015,8927679.2,7473199.48598,ARBUSDT
2023-09-23,0.8404,0.8491,0.817,0.8207,15267679.3,12705871.61091,36936,7284203.3,6065017.98752,ARBUSDT
2023-09-24,0.8206,0.8322,0.8017,0.8075,14771347.4,12108074.50521,39231,6707375.2,5501866.92119,ARBUSDT
2023-09-25,0.8073,0.8199,0.7983,0.8071,18422720.8,14942652.66851,49567,8952748.0,7262894.54796,ARBUSDT
2023-09-26,0.8072,0.8268,0.8052,0.8265,21161646.4,17326647.68712,47689,10411583.9,8527365.20302,ARBUSDT
2023-09-27,0.8265,0.8444,0.8107,0.8187,20379065.3,16898404.42275,50307,9493120.6,7872424.08973,ARBUSDT
2023-09-28,0.8186,0.9029,0.8162,0.8926,42159064.0,36664259.97038,105891,22368540.6,19468357.30293,ARBUSDT
2023-09-29,0.8927,0.9145,0.8818,0.9023,45946765.2,41353164.65849,115959,22506138.1,20263872.07521,ARBUSDT
2023-09-30,0.9022,0.9244,0.8915,0.9077,22321198.7,20294848.63382,66898,11697426.0,10639715.46143,ARBUSDT
2023-10-01,0.9076,0.9853,0.9063,0.9693,43070101.8,40845094.9794,131667,23016313.1,21817098.74616,ARBUSDT
2023-10-02,0.9694,0.9883,0.91,0.9312,50033664.9,47877816.78428,132913,24527681.0,23504607.85556,ARBUSDT
2023-10-03,0.9314,0.9448,0.8975,0.9053,30036225.8,27582533.77495,83603,15224696.4,13972559.24482,ARBUSDT
2023-10-04,0.9053,0.9073,0.8535,0.8837,37721447.6,33169798.24628,104780,18418183.0,16189463.24843,ARBUSDT
2023-10-05,0.8837,0.8927,0.8516,0.8572,26482519.6,23036137.97983,69737,12398426.0,10790081.82239,ARBUSDT
2023-10-06,0.8575,0.8974,0.8572,0.8897,21580581.3,18981748.18027,63675,11078543.5,9746273.90956,ARBUSDT
2023-10-07,0.8897,0.8952,0.865,0.8686,14523533.4,12813060.31988,41316,7377286.6,6513099.52006,ARBUSDT
2023-10-08,0.8686,0.8754,0.8373,0.8466,22204838.9,18945272.8888,50578,10626339.6,9070464.20042,ARBUSDT
2023-10-09,0.8467,0.8566,0.787,0.8199,35615566.4,29111316.87609,91072,17229612.1,14085830.00011,ARBUSDT
2023-10-10,0.8198,0.83,0.8108,0.8233,20417688.7,16799337.48727,62840,9734665.7,8011874.11468,ARBUSDT
2023-10-11,0.8232,0.8267,0.7959,0.8161,24463526.1,19843569.21284,68329,12156533.5,9862898.75572,ARBUSDT
2023-10-12,0.8162,0.83,0.7879,0.8041,30123157.9,24350803.0736,66114,13838354.3,11196527.07655,ARBUSDT
2023-10-13,0.8041,0.8196,0.7975,0.807,25662465.6,20706442.68537,57771,12538858.0,10117022.37964,ARBUSDT
2023-10-14,0.8071,0.8134,0.802,0.8031,7317958.7,5902256.37948,17335,3284917.9,2650375.22531,ARBUSDT
2023-10-15,0.8031,0.8111,0.7963,0.8037,10609923.5,8530758.21439,26275,5362614.9,4312643.8359,ARBUSDT
2023-10-16,0.8038,0.8464,0.8032,0.8192,33179845.6,27259496.9197,78796,15579039.8,12803536.33496,ARBUSDT
2023-10-17,0.8194,0.8213,0.7775,0.7838,20861917.7,16677785.87904,53585,9291240.1,7431286.41129,ARBUSDT
2023-10-18,0.7839,0.7981,0.773,0.7824,17340662.0,13639778.03153,41865,8553597.0,6728286.29518,ARBUSDT
2023-10-19,0.7825,0.7848,0.7634,0.7692,20449681.2,15808580.72751,45669,9424251.5,7287252.64534,ARBUSDT
2023-10-20,0.7693,0.8112,0.7668,0.7999,36042109.4,28672313.02431,77126,15718300.4,12494979.92098,ARBUSDT
2023-10-21,0.8,0.8416,0.7949,0.8328,31698869.3,26110898.70999,61948,15321279.3,12617528.12657,ARBUSDT
2023-10-22,0.8328,0.8532,0.8174,0.853,34520275.8,28753089.42564,66301,16640650.0,13869857.24297,ARBUSDT
2023-10-23,0.8531,0.8888,0.8275,0.8838,64824538.9,55278668.26099,128720,30683871.5,26160497.99812,ARBUSDT
2023-10-24,0.8838,0.9483,0.8612,0.9001,83589541.8,75832118.88962,188380,40791381.8,37003862.5467,ARBUSDT
2023-10-25,0.9001,0.9261,0.871,0.9229,53174325.7,47855107.85799,107840,25083744.1,22584279.76013,ARBUSDT
2023-10-26,0.9229,0.9975,0.9115,0.937,101469589.5,96577428.57522,221081,48547413.6,46216260.41883,ARBUSDT
2023-10-27,0.937,0.9384,0.8804,0.9151,45003726.9,41009831.05991,99724,20442687.7,18627361.83837,ARBUSDT
2023-10-28,0.9152,0.935,0.9068,0.9193,24170636.8,22247486.2461,54597,11209534.3,10318973.90512,ARBUSDT
2023-10-29,0.9193,0.9571,0.9027,0.9483,32226414.8,29966651.65336,72389,15087074.6,14032436.53442,ARBUSDT
2023-10-30,0.9483,0.9685,0.9235,0.9649,40353251.3,38313114.91467,81883,18522903.6,17586876.7754,ARBUSDT
2023-10-31,0.9647,0.9829,0.9074,0.945,51469517.8,48845677.9934,115217,23710639.9,22517623.41446,ARBUSDT
2023-11-01,0.9451,1.0439,0.9221,1.0404,76668150.2,74834138.91914,207093,35515789.4,34736921.03771,ARBUSDT
2023-11-02,1.0405,1.044,0.95,0.9901,61897971.5,61686307.79922,163399,28191809.0,28101919.67485,ARBUSDT
2023-11-03,0.9901,1.0779,0.9359,1.0598,66477046.6,66112562.18528,204225,32446000.5,32323854.81252,ARBUSDT
2023-11-04,1.0599,1.1197,1.0452,1.0963,55302333.4,59195663.74178,164147,26335370.1,28204190.88661,ARBUSDT
2023-11-05,1.0962,1.1157,1.0551,1.0897,51871855.9,56534673.92586,142733,24087901.3,26266081.0443,ARBUSDT
2023-11-06,1.09,1.1469,1.0636,1.1248,57146170.1,63469376.99393,169969,27173623.0,30201546.94187,ARBUSDT
2023-11-07,1.1249,1.1252,1.0447,1.0826,51276024.5,55638158.314,146820,22610326.8,24539135.11763,ARBUSDT
2023-11-08,1.0826,1.1005,1.06,1.0932,52437582.3,56581220.64809,121027,24166753.2,26074197.19451,ARBUSDT
2023-11-09,1.0933,1.2228,0.9576,1.2083,134494594.1,149292746.63575,346186,64228237.3,71435785.02305,ARBUSDT
2023-11-10,1.2075,1.2246,1.1212,1.1733,78008165.6,91470105.05146,205619,36071508.8,42310410.96908,ARBUSDT
2023-11-11,1.1735,1.1817,1.07,1.1373,67363894.5,77274726.89658,169385,31353958.1,35950230.4797,ARBUSDT
2023-11-12,1.1374,1.172,1.0919,1.1558,65055427.0,73787523.56564,155400,32034557.0,36298968.5963,ARBUSDT
2023-11-13,1.1557,1.198,1.1088,1.1149,89341860.0,102915606.37422,231217,42383744.3,48886891.14055,ARBUSDT
2023-11-14,1.1148,1.12,1.02,1.0768,70261489.1,76367704.46936,182471,33768353.4,36697469.37821,ARBUSDT
2023-11-15,1.0768,1.1504,1.0735,1.1426,53601022.9,59835726.14257,121423,27356303.9,30531473.29763,ARBUSDT
2023-11-16,1.1426,1.18,1.0633,1.0784,93234456.7,105040739.78536,248070,43479564.3,48947138.67357,ARBUSDT
2023-11-17,1.0783,1.1046,1.0001,1.0434,74631887.7,78823376.59453,185362,36664595.2,38748711.10294,ARBUSDT
2023-11-18,1.0433,1.0459,0.9804,1.0326,44275481.5,45190830.97462,100019,20797392.3,21221942.6071,ARBUSDT
2023-11-19,1.0326,1.0503,1.0071,1.0459,59493950.1,61230356.0379,128877,27440436.2,28225796.43454,ARBUSDT
2023-11-20,1.046,1.0745,1.0205,1.027,50907797.8,53543243.53823,116770,24349736.5,25634420.37048,ARBUSDT
2023-11-21,1.0269,1.0523,0.9448,0.9499,68445861.8,68694254.67423,197578,30420906.1,30578987.99007,ARBUSDT
2023-11-22,0.9498,1.0358,0.9461,1.0193,49452400.4,49619989.85455,105528,24088538.9,24182155.36712,ARBUSDT
2023-11-23,1.0193,1.047,1.0053,1.0161,27843214.8,28519769.62232,67591,13680397.7,14013975.99396,ARBUSDT
2023-11-24,1.0165,1.0797,1.0141,1.0496,42113071.0,44221406.35804,99229,22080415.0,23199018.58638,ARBUSDT
2023-11-25,1.0496,1.084,1.0434,1.0666,24654416.3,26257038.64844,64019,12419942.3,13233093.40276,ARBUSDT
2023-11-26,1.0666,1.0724,1.0089,1.0374,35545092.3,37130288.99037,76576,16963751.9,17720673.49683,ARBUSDT
2023-11-27,1.0374,1.0426,0.9909,1.0174,36118347.8,36419238.18124,80543,15917568.4,16059775.08799,ARBUSDT
2023-11-28,1.0176,1.0315,0.9857,1.0172,27375743.6,27664175.10336,68264,13068553.3,13216202.08595,ARBUSDT
2023-11-29,1.0172,1.03,0.9934,1.0081,27353133.0,27688551.85263,60771,13325136.5,13494866.82165,ARBUSDT
2023-11-30,1.0081,1.0174,0.9979,1.0064,19751930.5,19893928.79702,51104,9669794.2,9740808.50878,ARBUSDT
2023-12-01,1.0065,1.0491,1.0004,1.0342,44411868.5,45849175.17646,89005,22629179.8,23359505.97492,ARBUSDT
2023-12-02,1.0341,1.1212,1.0313,1.1105,55995669.7,60460860.41543,129488,29403923.5,31744227.91963,ARBUSDT
2023-12-03,1.1109,1.1251,1.0819,1.0965,42232185.3,46500356.88944,100559,20922213.6,23050532.72387,ARBUSDT
2023-12-04,1.0965,1.1497,1.0225,1.0922,99022588.8,108518543.25142,225133,48759144.5,53453792.25049,ARBUSDT
2023-12-05,1.0922,1.1082,1.0473,1.0909,73734638.0,79514205.89039,193457,34636404.7,37360859.05504,ARBUSDT
2023-12-06,1.091,1.1126,1.0501,1.0587,68324921.0,73606646.87846,182394,33402109.2,35983067.05183,ARBUSDT
2023-12-07,1.0585,1.2,1.036,1.1719,152169477.5,172741929.97854,366693,76985444.6,87379069.27367,ARBUSDT
2023-12-08,1.172,1.1977,1.1465,1.1661,84032221.0,98200938.3469,200070,42292988.7,49420381.77106,ARBUSDT
2023-12-09,1.1662,1.2423,1.1235,1.1392,109479415.7,130006445.8559,287641,52832073.9,62826703.85695,ARBUSDT
2023-12-10,1.1391,1.166,1.1128,1.1558,48475761.1,55561042.46128,108338,22219224.1,25477134.09664,ARBUSDT
2023-12-11,1.1558,1.1622,1.012,1.0952,128868146.5,140269384.14546,298180,61573777.4,67005699.45517,ARBUSDT
2023-12-12,1.0951,1.2585,1.0939,1.2521,149171233.9,173501456.56699,376650,77850029.9,90658260.58485,ARBUSDT
2023-12-13,1.2521,1.2541,1.1068,1.186,135202613.2,157041173.34848,334553,64019513.6,74340353.56026,ARBUSDT
2023-12-14,1.1861,1.2039,1.12,1.1834,76542151.4,89658661.21795,204907,36123262.5,42344636.91655,ARBUSDT
2023-12-15,1.1834,1.1844,1.0914,1.1001,54459827.1,61974505.71319,139852,24212114.3,27540408.28926,ARBUSDT
2023-12-16,1.1001,1.16,1.08,1.1249,49571386.5,55675980.55537,125766,25462688.6,28618973.51011,ARBUSDT
2023-12-17,1.1248,1.1381,1.0891,1.1061,45677231.4,50827812.8974,117321,22002574.6,24495544.87711,ARBUSDT
2023-12-18,1.1059,1.1155,1.0324,1.101,60517484.9,65020791.06945,154895,28268277.9,30407915.15992,ARBUSDT
2023-12-19,1.101,1.1244,1.0633,1.0735,54149049.8,59427838.44149,125036,25584702.0,28080433.85483,ARBUSDT
2023-12-20,1.0737,1.1324,1.0683,1.105,59389322.5,65851978.56109,143027,28741244.9,31878914.10117,ARBUSDT
2023-12-21,1.1049,1.163,1.0947,1.1582,73208564.2,82950041.42734,176729,35800377.8,40581778.32515,ARBUSDT
2023-12-22,1.1583,1.4423,1.143,1.4193,291920005.7,382201783.22528,834175,149977670.4,196419894.83706,ARBUSDT
2023-12-23,1.4193,1.4558,1.3066,1.3934,143727389.1,195011051.74276,432561,68296941.8,92735248.19825,ARBUSDT
2023-12-24,1.3931,1.4641,1.331,1.354,124139975.3,173138025.94161,423202,57931239.9,80880038.30916,ARBUSDT
2023-12-25,1.3539,1.402,1.3364,1.3875,82771661.6,113264631.6837,247005,39902852.6,54637298.60973,ARBUSDT
2023-12-26,1.3874,1.4083,1.231,1.3261,89725582.9,118666572.50256,286807,40674490.6,53815205.61328,ARBUSDT
2023-12-27,1.3262,1.5431,1.266,1.5052,167140032.1,240076230.07559,595626,84523452.7,121550784.57448,ARBUSDT
2023-12-28,1.505,1.6691,1.4651,1.4678,166677742.1,260930372.51399,662853,80085989.0,125526443.01921,ARBUSDT
2023-12-29,1.4678,1.5489,1.4178,1.5098,117598412.2,173498063.73433,388381,55101399.3,81345720.49677,ARBUSDT
2023-12-30,1.5095,1.535,1.4307,1.4801,64644012.8,95797191.19802,217460,30926572.7,45849242.54381,ARBUSDT
2023-12-31,1.4803,1.6666,1.4786,1.5612,107499114.4,169588017.50432,416300,53566870.7,84616043.52344,ARBUSDT
2024-01-01,1.5613,1.7485,1.5113,1.7345,99385810.9,162561793.75524,382924,50440066.3,82622541.67496,ARBUSDT
2024-01-02,1.7349,1.84,1.6981,1.7701,136280613.7,239640610.65677,583849,68313091.7,120222351.40271,ARBUSDT
2024-01-03,1.7702,2.09,1.463,1.9137,407868649.1,773609898.13976,1996647,205156409.7,389845044.7271,ARBUSDT
2024-01-04,1.9137,2.1177,1.8097,2.004,216311622.8,425180308.39299,878619,109972757.3,216248719.33589,ARBUSDT
2024-01-05,2.0039,2.0164,1.82,1.952,151342235.8,291028357.03383,625731,73942038.1,142248251.32424,ARBUSDT
2024-01-06,1.9519,1.9634,1.6889,1.7519,120847304.1,215197099.56174,476178,55965962.0,99731066.25175,ARBUSDT
2024-01-07,1.7521,1.8883,1.668,1.7218,109500720.6,197935316.05279,474933,54040270.8,97841921.21475,ARBUSDT
2024-01-08,1.7222,1.865,1.57,1.8213,173353349.9,298610456.18417,671564,89615661.5,154602081.26904,ARBUSDT
2024-01-09,1.8211,1.8523,1.6192,1.8438,148642270.6,260300152.98765,609917,75434127.3,132313304.98654,ARBUSDT
2024-01-10,1.8434,2.2761,1.8289,2.2281,273863600.1,550186568.55379,1221286,139401977.8,280316640.95733,ARBUSDT
2024-01-11,2.2281,2.425,2.1296,2.2587,194013619.6,441037985.20913,818440,97103546.8,220950322.41938,ARBUSDT
2024-01-12,2.2586,2.4068,2.1,2.2032,178598754.0,404962588.68422,750048,89511482.6,203270159.6153,ARBUSDT
2024-01-13,2.203,2.2193,2.071,2.1762,84836301.6,182877440.91548,353968,42818819.6,92354837.45126,ARBUSDT
2024-01-14,2.1763,2.1944,2.0204,2.0302,63416367.3,134483022.078,227941,30788576.3,65304534.78949,ARBUSDT
2024-01-15,2.0303,2.1748,2.0268,2.11,71439120.2,150747753.09182,258444,36567683.6,77166933.56553,ARBUSDT
2024-01-16,2.11,2.2053,2.0438,2.1509,77252955.6,165088754.58058,280668,39583326.5,84634189.73475,ARBUSDT
2024-01-17,2.1509,2.165,2.0,2.0383,58380871.4,120619743.5096,211204,27569656.2,56946302.88593,ARBUSDT
2024-01-18,2.0383,2.0415,1.84,1.8918,82038808.9,158164153.97762,293675,41010483.3,79046403.0767,ARBUSDT
2024-01-19,1.8919,1.9041,1.7233,1.8564,87125104.9,159853115.94456,286824,43479815.8,79767057.16193,ARBUSDT
2024-01-20,1.8564,1.8564,1.7585,1.8169,47701803.2,85919973.55326,159716,23919620.2,43087899.36134,ARBUSDT
2024-01-21,1.8169,1.903,1.7824,1.8162,51377041.9,95195879.19885,178133,25191543.6,46706873.32442,ARBUSDT
2024-01-22,1.8156,1.8331,1.6526,1.6888,105498347.3,182714727.40992,329263,51807349.3,89725748.2469,ARBUSDT
2024-01-23,1.6888,1.7382,1.5444,1.6902,125916792.7,205141524.11702,385366,63915705.4,104145834.99669,ARBUSDT
2024-01-24,1.6906,1.7448,1.633,1.7376,87139909.9,147328911.46371,243357,44751360.4,75710147.63337,ARBUSDT
2024-01-25,1.7376,1.7736,1.6383,1.7322,62911440.7,107039157.91768,222391,31975858.1,54458565.91986,ARBUSDT
2024-01-26,1.7322,1.8219,1.7117,1.8171,76438802.7,135424370.30659,289280,39307981.7,69679914.57337,ARBUSDT
2024-01-27,1.8171,1.8418,1.7725,1.7967,33804110.2,60931663.10722,147058,15693813.6,28295818.99667,ARBUSDT
2024-01-28,1.7967,1.8969,1.7849,1.7987,56749697.0,104525951.52289,243886,28812777.6,53112398.43362,ARBUSDT
2024-01-29,1.7989,1.8591,1.7712,1.8546,58428812.2,106251032.09933,220359,29665629.4,53966124.3717,ARBUSDT
2024-01-30,1.8547,1.9727,1.8371,1.885,82394959.5,156634919.3691,319864,41640039.9,79181964.41271,ARBUSDT
2024-01-31,1.885,1.8911,1.7408,1.7635,76215370.7,138858205.04586,266687,37185043.5,67803236.97687,ARBUSDT
2024-02-01,1.7635,1.7878,1.691,1.7845,58568605.8,101479836.7905,211526,29965857.2,51953028.57989,ARBUSDT
2024-02-02,1.7847,1.8194,1.7577,1.7928,43368591.3,77727458.6481,142220,21956193.9,39363209.17129,ARBUSDT
2024-02-03,1.7928,1.8369,1.7643,1.7656,27595552.5,49734684.36221,93688,13209101.2,23810857.72626,ARBUSDT
2024-02-04,1.7657,1.7764,1.7221,1.7315,28655663.5,50259325.56677,98937,13556629.5,23776891.6534,ARBUSDT
2024-02-05,1.7315,1.7876,1.7,1.7356,40554442.0,70864727.30279,136939,19813781.6,34650407.78443,ARBUSDT
2024-02-06,1.7355,1.8759,1.7292,1.8307,82205620.8,149270081.46644,238880,41447354.6,75246902.71272,ARBUSDT
2024-02-07,1.8307,1.9332,1.8093,1.8991,67105414.1,125186323.68725,203511,34647487.1,64680946.98238,ARBUSDT
2024-02-08,1.8991,1.9289,1.8567,1.8628,58438634.4,110438732.21954,179697,31022160.0,58630292.20669,ARBUSDT
2024-02-09,1.8627,2.0,1.8627,1.9812,64261459.9,124332819.12615,210552,32698237.0,63299741.31745,ARBUSDT
2024-02-10,1.9811,2.019,1.9348,1.9605,30691240.1,60572604.05772,114944,14248447.5,28134723.9136,ARBUSDT
2024-02-11,1.9605,2.0098,1.9323,1.9417,28111945.5,55541302.88251,110988,13262535.2,26215040.56713,ARBUSDT
2024-02-12,1.9418,2.0825,1.9131,2.076,65899889.1,131567677.5488,222032,32325376.2,64584322.47648,ARBUSDT
2024-02-13,2.076,2.1087,1.9839,2.0472,49750946.3,102066077.43112,199665,23950867.6,49155258.8159,ARBUSDT
2024-02-14,2.0471,2.1262,2.0137,2.111,50609522.5,105365309.82889,183817,24590551.8,51220547.57916,ARBUSDT
2024-02-15,2.1109,2.1716,2.0375,2.072,55004006.1,116027355.99733,236640,27045850.9,57092486.46949,ARBUSDT
2024-02-16,2.0719,2.0943,1.9583,2.0104,47819309.0,96971336.78521,181419,22138688.3,44892733.17243,ARBUSDT
2024-02-17,2.0104,2.0183,1.904,1.9693,28701443.5,56190559.5076,127325,12551043.5,24560767.84075,ARBUSDT
2024-02-18,1.9693,2.0519,1.943,2.0396,34949034.9,70024523.90428,139138,17425102.4,34910002.98784,ARBUSDT
2024-02-19,2.0397,2.1012,2.0156,2.0541,52924608.2,108887341.80637,187673,26459972.4,54474905.84349,ARBUSDT
2024-02-20,2.0538,2.0889,1.9,2.0098,94342676.9,187776983.99163,327305,46250216.1,92082264.36636,ARBUSDT
2024-02-21,2.0099,2.0175,1.805,1.8767,70518896.6,132119174.94915,252708,33857880.8,63401468.95171,ARBUSDT
2024-02-22,1.8769,1.8968,1.7792,1.808,65381398.1,120744536.34159,231025,32104433.0,59305829.5107,ARBUSDT
2024-02-23,1.808,1.8286,1.7375,1.7987,58273740.0,103845462.42451,204481,28686482.9,51140238.75028,ARBUSDT
2024-02-24,1.7987,1.8525,1.7513,1.8446,37350695.3,67882884.97804,132145,19213927.9,34932893.49792,ARBUSDT
2024-02-25,1.8445,1.9047,1.8299,1.9046,37069067.2,69297661.62431,144105,18683459.3,34940270.74858,ARBUSDT
2024-02-26,1.9046,1.9554,1.8074,1.9283,60439882.3,113771181.46779,219644,29498435.4,55545573.65757,ARBUSDT
2024-02-27,1.9283,1.9551,1.8658,1.8958,60892154.4,116615000.98155,216135,29686703.0,56854221.12844,ARBUSDT
2024-02-28,1.8959,1.9824,1.8011,1.8999,106102542.1,201232543.99856,417393,52450193.8,99543805.69285,ARBUSDT
2024-02-29,1.8999,2.1,1.8826,1.9445,133348118.9,265878316.83489,572274,68462562.3,136515437.514,ARBUSDT
2024-03-01,1.9447,2.0126,1.9396,1.988,56716647.4,112164393.80968,239735,28293273.0,55967818.78596,ARBUSDT
2024-03-02,1.9881,2.0251,1.95,2.0248,68383528.3,135555768.37305,268696,33508616.0,66430733.5122,ARBUSDT
2024-03-03,2.0249,2.196,1.861,2.0439,136903675.7,284145268.36181,572134,68572829.0,142434970.44219,ARBUSDT
2024-03-04,2.044,2.08,1.92,1.9823,106418858.1,212486918.77043,426167,50381451.2,100611864.05839,ARBUSDT
2024-03-05,1.9824,2.1797,1.765,1.9659,253986257.3,518722891.34924,1180159,128188280.4,261991498.43911,ARBUSDT
2024-03-06,1.9659,2.1481,1.9229,2.0538,148071802.8,301821954.65731,551115,75089057.5,153152411.1887,ARBUSDT
2024-03-07,2.0539,2.188,2.0174,2.1645,120927101.2,254221269.14563,425942,61534906.2,129375684.61511,ARBUSDT
2024-03-08,2.1646,2.2783,2.0,2.1336,131577712.7,287341032.6553,498718,65583364.6,143335308.37339,ARBUSDT
2024-03-09,2.1336,2.1661,2.075,2.0962,67668912.3,143839869.25974,221890,31625191.8,67223909.34402,ARBUSDT
2024-03-10,2.0962,2.1288,2.0,2.068,87583497.1,181255513.42993,264293,42283815.7,87495614.74815,ARBUSDT
2024-03-11,2.0679,2.146,1.9379,2.083,108623349.2,224372598.27352,349482,55815432.0,115369702.81808,ARBUSDT
2024-03-12,2.0831,2.0996,1.9083,2.0173,102885481.9,206339582.0339,359978,51898547.1,104123779.31278,ARBUSDT
2024-03-13,2.0175,2.2555,2.0174,2.1152,168992357.0,362165662.841,516038,87873540.1,188260312.21527,ARBUSDT
2024-03-14,2.1153,2.1166,1.93,2.0155,132983062.4,269195030.84986,416684,64179704.0,129889545.67087,ARBUSDT
2024-03-15,2.0156,2.0332,1.79,1.8879,135415738.5,256732147.60657,486059,65649392.2,124433898.47151,ARBUSDT
2024-03-16,1.8882,1.9676,1.7154,1.7566,175292131.7,324569103.8667,514332,91496135.7,169726342.85631,ARBUSDT
2024-03-17,1.7565,1.7757,1.613,1.7363,144456137.2,247255418.93204,360296,75690197.1,129595023.63281,ARBUSDT
2024-03-18,1.7364,1.7392,1.5989,1.6232,179355757.9,299482544.17366,472728,92094734.0,153831872.72761,ARBUSDT
2024-03-19,1.6231,1.6752,1.4441,1.6247,295931377.0,466173354.10298,728315,154279759.0,243099001.87375,ARBUSDT
2024-03-20,1.6247,1.765,1.5483,1.7458,244878049.9,405988865.07452,576221,125614522.4,208411790.82826,ARBUSDT
2024-03-21,1.7458,1.798,1.6696,1.6843,149134786.4,259206258.90802,379207,72768957.8,126574465.5899,ARBUSDT
2024-03-22,1.6842,1.6969,1.5615,1.6041,107584385.5,174630490.69258,304765,51214699.8,83091162.12964,ARBUSDT
2024-03-23,1.6043,1.6374,1.5794,1.5952,68251292.6,110139150.26603,178995,32685064.8,52743512.14801,ARBUSDT
2024-03-24,1.5951,1.6748,1.5854,1.6707,71911926.2,117638380.06296,186516,37859304.2,61975610.58978,ARBUSDT
2024-03-25,1.6707,1.7499,1.6478,1.7231,97305073.1,165717062.59028,252400,51518892.8,87746348.00688,ARBUSDT
2024-03-26,1.7231,1.7558,1.6631,1.7008,89899590.4,154118977.18988,240860,43331701.6,74271674.40115,ARBUSDT
2024-03-27,1.7008,1.74,1.6263,1.6548,94820086.8,159330838.67207,270528,47530794.2,79853678.70221,ARBUSDT
2024-03-28,1.6549,1.6963,1.6277,1.6668,63834823.8,106802507.68493,197993,32540655.9,54454858.25905,ARBUSDT
2024-03-29,1.6668,1.6688,1.608,1.6437,47197255.8,77541284.30142,158669,23915076.6,39299708.56605,ARBUSDT
2024-03-30,1.6437,1.6775,1.6314,1.6413,38781570.0,64214461.0104,125381,19387573.5,32103582.82511,ARBUSDT
2024-03-31,1.6413,1.6911,1.6323,1.6616,33158464.0,54947219.63399,102019,17109260.8,28348412.15204,ARBUSDT
2024-04-01,1.6616,1.6621,1.5306,1.5679,72116446.4,114597589.85141,238267,34617555.6,54993452.13359,ARBUSDT
2024-04-02,1.5678,1.5678,1.4302,1.4483,132649741.3,195093410.22482,363497,67130530.1,98653935.96256,ARBUSDT
2024-04-03,1.4483,1.5037,1.4,1.4793,77127875.5,113012452.88944,189318,39471442.5,57866153.15948,ARBUSDT
2024-04-04,1.4794,1.5114,1.4347,1.4593,62501080.8,92124512.50613,162964,32415046.4,47776932.49146,ARBUSDT
2024-04-05,1.4593,1.4627,1.383,1.4333,67223824.2,95743645.30663,163525,33590605.0,47847374.87866,ARBUSDT
2024-04-06,1.4332,1.502,1.4262,1.4871,34570081.5,50765443.17936,94501,18385496.2,27026340.17047,ARBUSDT
2024-04-07,1.4872,1.532,1.48,1.5287,35263952.7,52879538.12412,98467,18741991.1,28122212.56361,ARBUSDT
2024-04-08,1.5286,1.5789,1.4915,1.5694,57350901.3,88527155.94538,164360,29243557.8,45166922.64696,ARBUSDT
2024-04-09,1.5695,1.5915,1.4751,1.4841,78145126.8,120664818.71877,210715,36440947.7,56325994.3939,ARBUSDT
2024-04-10,1.4839,1.4978,1.4072,1.4662,62140670.8,90756681.5648,166877,30750389.8,44921412.24186,ARBUSDT
2024-04-11,1.4665,1.482,1.41,1.4183,41790730.4,60339884.8131,116943,20742042.8,29946752.53993,ARBUSDT
2024-04-12,1.4184,1.4416,1.04,1.1737,205548273.4,246575061.77024,620602,99104725.7,118651360.37351,ARBUSDT
2024-04-13,1.1737,1.1876,0.8556,1.0314,288973969.5,301580661.47904,823998,144273275.5,151165343.13832,ARBUSDT
2024-04-14,1.0313,1.1891,0.9953,1.1795,207110317.3,228453406.4032,599911,107071795.6,118051898.9851,ARBUSDT
2024-04-15,1.1796,1.27,1.1188,1.1526,131614095.6,157291810.5187,398864,68343889.6,81729690.79003,ARBUSDT
2024-04-16,1.1527,1.1741,1.0906,1.154,94535939.9,106774935.64727,255105,49046044.8,55426693.41549,ARBUSDT
2024-04-17,1.1541,1.1714,1.079,1.1059,63633586.2,71388253.5142,187396,33406726.8,37502220.75176,ARBUSDT
2024-04-18,1.1059,1.1664,1.0797,1.1383,56475058.6,63863134.34516,145417,30335585.2,34335985.6987,ARBUSDT
2024-04-19,1.1385,1.1683,1.0417,1.1196,87265793.4,97910646.92917,228343,45242508.9,50780284.57897,ARBUSDT
2024-04-20,1.1195,1.2229,1.1067,1.2158,44790317.6,51958284.15792,118404,23942003.3,27765923.14611,ARBUSDT
2024-04-21,1.2157,1.2292,1.1706,1.1894,37305469.7,44735806.79068,96850,18935388.0,22714290.91401,ARBUSDT
2024-04-22,1.1894,1.2396,1.1826,1.2092,43770837.5,53022327.47936,115482,22665314.6,27454916.76666,ARBUSDT
2024-04-23,1.209,1.22,1.1662,1.179,37272305.3,44305523.23167,101766,19070241.2,22673330.59895,ARBUSDT
2024-04-24,1.1789,1.2028,1.1004,1.1162,70115224.3,80926721.26654,169566,35286298.2,40765601.56794,ARBUSDT
2024-04-25,1.116,1.1239,1.0666,1.0898,54257536.5,59442017.05102,118450,27580334.4,30225994.43299,ARBUSDT
2024-04-26,1.0898,1.0941,1.0527,1.0651,45618468.5,49092928.02268,101685,23487461.1,25281769.20934,ARBUSDT
2024-04-27,1.0652,1.1289,1.0044,1.1255,76538807.1,82031508.99452,186680,39431022.4,42296132.97178,ARBUSDT
2024-04-28,1.1256,1.1708,1.0956,1.101,70843868.7,80561707.4908,148999,35082652.1,39904667.538,ARBUSDT
2024-04-29,1.1013,1.1113,1.0346,1.0578,70534124.8,74866131.40515,149338,33149747.7,35190284.77305,ARBUSDT
2024-04-30,1.0578,1.0702,0.9676,1.0226,103655678.6,104786722.45151,220697,49419000.2,49941049.82257,ARBUSDT
2024-05-01,1.0227,1.0579,0.9701,1.0296,119183237.7,121154933.02336,261369,61900426.5,62936388.49454,ARBUSDT
2024-05-02,1.0295,1.0408,0.9967,1.0286,77072277.3,79026400.86359,135252,40608801.0,41650515.04718,ARBUSDT
2024-05-03,1.0287,1.0777,1.0166,1.065,82112004.8,86230807.25807,153570,44688846.9,46952482.53402,ARBUSDT
2024-05-04,1.065,1.0859,1.0571,1.0615,51464874.7,54994618.4764,94980,26621052.9,28451475.82597,ARBUSDT
2024-05-05,1.0615,1.0949,1.0346,1.0706,58409628.8,62052773.45387,106671,30220072.6,32112739.0229,ARBUSDT
2024-05-06,1.0706,1.1325,1.0538,1.0603,91108331.9,99255131.96836,165603,46741931.1,50958403.22052,ARBUSDT
2024-05-07,1.0603,1.0768,1.0249,1.0255,62893316.0,66416097.01522,103605,31598235.5,33372311.8582,ARBUSDT
2024-05-08,1.0255,1.0457,1.0075,1.0282,75897882.3,77703683.37216,123307,39012703.3,39949422.921,ARBUSDT
2024-05-09,1.0282,1.0493,1.0,1.0411,67459602.0,69023819.64693,97838,36199172.4,37049950.19486,ARBUSDT
2024-05-10,1.0412,1.0541,0.9839,0.9952,79373667.0,80682425.69022,129250,40126551.8,40803203.46325,ARBUSDT
2024-05-11,0.9952,1.0138,0.9856,1.0005,43364616.7,43411247.35983,62616,21957834.7,21986397.20594,ARBUSDT
2024-05-12,1.0006,1.0118,0.9872,0.9972,24209101.4,24238145.11834,43439,12401556.2,12418903.99177,ARBUSDT
2024-05-13,0.9973,1.0052,0.9511,0.9818,75540267.1,74231868.82657,122390,38335322.5,37684376.82777,ARBUSDT
2024-05-14,0.9817,0.9886,0.9318,0.9352,80498255.3,77479263.0429,109227,40621176.1,39094912.9661,ARBUSDT
2024-05-15,0.9353,0.998,0.9239,0.9936,73125772.2,70287813.17654,135238,36771987.9,35360911.84713,ARBUSDT
2024-05-16,0.9936,0.9993,0.9516,0.9715,67587927.2,65918107.43784,108533,34800297.6,33939577.55881,ARBUSDT
2024-05-17,0.9715,1.074,0.9672,1.0306,96200440.8,98482270.81812,149718,51170993.2,52323812.67201,ARBUSDT
2024-05-18,1.0306,1.0338,1.0031,1.0179,49659164.6,50626497.01799,79763,25959185.5,26467800.28725,ARBUSDT
2024-05-19,1.0179,1.0285,0.9639,0.9716,51151626.7,50766790.54068,80607,24709556.2,24521796.08578,ARBUSDT
2024-05-20,0.9715,1.1287,0.9476,1.1269,156670286.8,161914669.37787,278234,80465974.2,83169318.45884,ARBUSDT
2024-05-21,1.1268,1.2348,1.1212,1.2034,217997131.9,257069532.45395,413243,110338460.9,130110684.69394,ARBUSDT
2024-05-22,1.2031,1.2125,1.1075,1.1413,125794672.0,144551539.48707,239743,63483049.4,72934359.44068,ARBUSDT
2024-05-23,1.1415,1.26,1.11,1.2031,275748806.4,328915019.79609,623234,139752577.2,166721941.67328,ARBUSDT
2024-05-24,1.203,1.2351,1.1232,1.1579,103275410.9,121030676.38318,247491,52495742.8,61493709.49491,ARBUSDT
2024-05-25,1.1578,1.2098,1.1485,1.1914,83028272.9,98859771.52519,144034,42301708.9,50363033.63653,ARBUSDT
2024-05-26,1.1914,1.2315,1.1777,1.1935,117296674.0,141209332.60971,195186,59716268.0,71882265.70707,ARBUSDT
2024-05-27,1.1935,1.2754,1.1925,1.2301,123690850.4,153994718.20794,249698,62993871.2,78436492.17256,ARBUSDT
2024-05-28,1.2302,1.2322,1.1704,1.2002,89775456.4,107723507.25884,225949,44996350.3,54002112.71161,ARBUSDT
2024-05-29,1.2002,1.2105,1.1395,1.1408,67183645.4,78833177.76868,167108,33025604.8,38766624.65153,ARBUSDT
2024-05-30,1.1408,1.1569,1.1008,1.128,60143217.5,68275491.772,142126,28578912.7,32468496.96905,ARBUSDT
2024-05-31,1.1281,1.1708,1.1083,1.1192,50322438.1,57044915.09782,130378,24681127.3,27987116.219,ARBUSDT
2024-06-01,1.1194,1.1398,1.1148,1.1337,21530708.4,24270636.72927,52917,11282330.0,12720924.03556,ARBUSDT
2024-06-02,1.1335,1.1436,1.0917,1.1124,37314862.5,41705556.59791,94301,18217545.3,20355886.57199,ARBUSDT
2024-06-03,1.1125,1.1403,1.1,1.1053,42588518.0,47772421.12373,109282,21966530.9,24648405.19606,ARBUSDT
2024-06-04,1.1054,1.1158,1.0699,1.1076,55848269.0,61117973.81217,124048,27757163.5,30380522.81313,ARBUSDT
2024-06-05,1.1076,1.1384,1.1008,1.1238,47298901.3,52877025.10527,111991,23942769.6,26768507.18887,ARBUSDT
2024-06-06,1.1238,1.1242,1.0741,1.0883,38050820.6,42052987.89357,90914,18490648.5,20432686.82212,ARBUSDT
2024-06-07,1.0882,1.1047,0.9,0.999,105334570.9,106382903.88312,288195,50714683.9,51239780.97203,ARBUSDT
2024-06-08,0.9989,1.0076,0.9511,0.9678,57737421.7,56285498.01768,123772,30643015.7,29863059.49121,ARBUSDT
2024-06-09,0.9678,0.9884,0.9566,0.9793,35226618.1,34377348.99562,81526,20385672.3,19899024.88275,ARBUSDT
2024-06-10,0.9794,0.9831,0.9454,0.9599,37111019.3,35799444.21146,83415,18707130.6,18052498.01506,ARBUSDT
2024-06-11,0.9599,0.9639,0.9122,0.9378,83432868.6,78136836.71798,190075,40892178.5,38284926.39423,ARBUSDT
2024-06-12,0.9377,0.9984,0.9127,0.9732,68230193.2,65804460.71784,148960,35159934.0,33908681.85453,ARBUSDT
2024-06-13,0.9732,0.9738,0.9215,0.9366,57944840.8,54674081.73449,129008,29458322.3,27797539.10309,ARBUSDT
2024-06-14,0.9369,0.9541,0.8757,0.9123,67155729.0,61626888.20829,156644,32530960.3,29843449.23695,ARBUSDT
2024-06-15,0.9123,0.9385,0.9119,0.9221,26903147.0,24869003.60013,66470,13966512.1,12911759.24878,ARBUSDT
2024-06-16,0.9221,0.9375,0.9003,0.9243,24619846.5,22646987.50872,58155,12792891.5,11769552.47081,ARBUSDT
2024-06-17,0.9243,0.9297,0.84,0.8579,71645844.2,62993537.52079,148149,35040248.5,30814827.19536,ARBUSDT
2024-06-18,0.8578,0.862,0.7333,0.7948,139620076.2,109875539.58137,302608,71039039.2,55892886.77329,ARBUSDT
2024-06-19,0.7948,0.835,0.7873,0.8129,61941547.6,50545178.54945,115243,31783924.6,25938258.54853,ARBUSDT
2024-06-20,0.813,0.8488,0.8,0.8014,66633976.3,54844377.99142,136151,34199770.2,28150609.53171,ARBUSDT
2024-06-21,0.8012,0.8104,0.7826,0.8022,60507034.2,48341487.8662,135347,30896896.9,24692360.06092,ARBUSDT
2024-06-22,0.802,0.8106,0.792,0.8048,20123438.8,16153494.69831,51039,10159337.6,8155575.58398,ARBUSDT
2024-06-23,0.8048,0.8153,0.777,0.784,28621928.5,22818396.83455,60271,13844148.8,11042685.60838,ARBUSDT
2024-06-24,0.784,0.8205,0.74,0.8204,93880771.3,73091160.89417,182606,48783370.6,38014298.40911,ARBUSDT
2024-06-25,0.8202,0.8463,0.8112,0.8297,53058457.4,44067147.56587,114127,26711974.5,22183654.06897,ARBUSDT
2024-06-26,0.8297,0.8392,0.7924,0.8123,44867767.1,36697601.12543,94015,21525895.2,17611163.50176,ARBUSDT
2024-06-27,0.8123,0.835,0.8016,0.8229,43509641.7,35621848.49084,89292,21062469.3,17253695.30154,ARBUSDT
2024-06-28,0.8229,0.8345,0.7893,0.7915,43139740.3,35119208.27397,92636,21701523.8,17678709.06881,ARBUSDT
2024-06-29,0.7916,0.8027,0.7771,0.7796,23531310.4,18648869.71127,50847,11012842.8,8730072.85554,ARBUSDT
2024-06-30,0.7797,0.8056,0.7691,0.8019,26938430.3,21166328.22982,64568,13768255.2,10826027.88816,ARBUSDT
2024-07-01,0.8019,0.8185,0.7774,0.7801,34089165.6,27176007.28016,80777,16153677.0,12882250.85034,ARBUSDT
2024-07-02,0.7801,0.7865,0.7722,0.7832,29457771.9,22950282.18308,89826,15015847.2,11699955.6451,ARBUSDT
2024-07-03,0.7833,0.7894,0.7505,0.764,53507207.0,41090710.23088,137629,26094003.5,20043429.48399,ARBUSDT
2024-07-04,0.7641,0.7681,0.6696,0.6793,90379843.3,64983611.38535,241194,43708554.1,31432794.32719,ARBUSDT
2024-07-05,0.6793,0.6806,0.5649,0.6228,191818334.6,117436011.93409,463587,98812436.0,60471799.21273,ARBUSDT
2024-07-06,0.6228,0.6988,0.6137,0.6931,55489642.0,36316153.78262,136307,30180170.4,19731452.64435,ARBUSDT
2024-07-07,0.6931,0.7098,0.6489,0.6505,62961258.7,42771714.14903,194356,31041931.4,21098663.12598,ARBUSDT
2024-07-08,0.6505,0.6887,0.6047,0.6678,110430265.9,71793474.10136,249193,57243674.9,37189082.98632,ARBUSDT
2024-07-09,0.6677,0.7155,0.6611,0.7102,57670961.6,39352972.92308,138798,27702537.7,18909241.89828,ARBUSDT
2024-07-10,0.7103,0.7318,0.6951,0.7137,57524602.3,40906699.44041,137023,29041715.6,20660666.2502,ARBUSDT
2024-07-11,0.7138,0.7353,0.6818,0.6932,47300398.1,33745840.79284,154170,24179883.5,17274458.2156,ARBUSDT
2024-07-12,0.6931,0.7085,0.6794,0.6991,32584998.1,22570481.20548,152203,17058977.3,11821095.84215,ARBUSDT
2024-07-13,0.6991,0.7089,0.6897,0.7003,38134607.4,26727694.04471,120733,19527898.8,13693851.15615,ARBUSDT
2024-07-14,0.7003,0.726,0.6936,0.7217,34232341.2,24266092.64956,105908,17182648.8,12184668.80409,ARBUSDT
2024-07-15,0.7217,0.7775,0.7183,0.7733,60417884.0,44816741.17525,170733,31654644.7,23498223.09763,ARBUSDT
2024-07-16,0.7735,0.7797,0.7214,0.7518,70248939.6,52856664.72328,181189,36484940.2,27454547.50377,ARBUSDT
2024-07-17,0.7518,0.779,0.7412,0.7471,66671941.9,50760667.92314,185886,34282329.1,26106478.24586,ARBUSDT
2024-07-18,0.7471,0.7689,0.7273,0.7475,51523543.8,38701636.65598,171747,24544953.3,18440500.33671,ARBUSDT
2024-07-19,0.7476,0.777,0.7256,0.774,43356648.8,32471936.63744,147151,22104020.3,16554371.65483,ARBUSDT
2024-07-20,0.7739,0.795,0.7654,0.7789,43651089.1,34021922.02834,124508,23238613.3,18105308.79117,ARBUSDT
2024-07-21,0.7788,0.8073,0.7522,0.8026,51778808.7,40434437.09622,165303,26354273.2,20591192.00256,ARBUSDT
2024-07-22,0.8026,0.8085,0.7554,0.7599,42722346.1,33266389.92977,143653,21821115.1,16998806.37283,ARBUSDT
2024-07-23,0.7598,0.8283,0.7542,0.7992,169801551.7,135127746.44607,372695,85975806.0,68413003.09109,ARBUSDT
2024-07-24,0.7991,0.8006,0.7351,0.7394,58274150.8,44725355.4252,144283,30722092.1,23574931.8396,ARBUSDT
2024-07-25,0.7394,0.7417,0.6723,0.6984,82804101.6,58074496.94653,203499,43221822.2,30324359.11311,ARBUSDT
2024-07-26,0.6983,0.7327,0.6966,0.7264,34797205.3,25039610.28161,108752,18569815.0,13361834.33944,ARBUSDT
2024-07-27,0.7264,0.7422,0.7054,0.7209,33865901.1,24535202.94657,112955,16929117.8,12267309.28526,ARBUSDT
2024-07-28,0.7209,0.7245,0.7055,0.7124,18002781.9,12889479.87714,70526,8791168.6,6293053.57378,ARBUSDT
2024-07-29,0.7124,0.736,0.6968,0.7038,40943292.4,29397001.19504,124873,21805751.4,15657865.02294,ARBUSDT
2024-07-30,0.7038,0.7108,0.6646,0.6781,26351802.1,18217476.20092,108680,13939277.3,9633080.42789,ARBUSDT
2024-07-31,0.6782,0.688,0.6526,0.6575,32546815.1,21908576.72837,126875,17024178.0,11461970.89248,ARBUSDT
2024-08-01,0.6574,0.6622,0.6134,0.6538,57530407.4,36857368.34813,211027,28818705.6,18460870.81656,ARBUSDT
2024-08-02,0.6537,0.656,0.5941,0.6034,48669052.0,30141400.28849,172257,24532188.3,15209898.06165,ARBUSDT
2024-08-03,0.6034,0.6272,0.585,0.6072,58662150.9,35493237.35578,182938,31002634.3,18765427.80585,ARBUSDT
2024-08-04,0.6072,0.6194,0.5527,0.5651,64085245.8,37592234.21262,203170,31893861.5,18735445.02217,ARBUSDT
2024-08-05,0.5651,0.5686,0.4287,0.4818,321232723.5,153070262.85811,771393,161466160.5,76750822.63613,ARBUSDT
2024-08-06,0.4819,0.5227,0.4811,0.5027,97347133.9,49432483.50974,303707,52470375.7,26630675.83164,ARBUSDT
2024-08-07,0.5026,0.5235,0.476,0.4847,73377662.9,36628526.78701,232741,38496650.7,19225544.03151,ARBUSDT
2024-08-08,0.4847,0.559,0.4778,0.5548,70594980.9,36845519.9754,261491,36939115.8,19276365.9515,ARBUSDT
2024-08-09,0.5548,0.5907,0.5356,0.5774,94995162.9,53475071.28363,313842,50898063.7,28647731.38396,ARBUSDT
2024-08-10,0.5774,0.5909,0.5609,0.5773,50268783.6,28905820.49306,156300,24765051.6,14243559.69764,ARBUSDT
2024-08-11,0.5773,0.5971,0.5483,0.5521,54476821.1,31146974.75459,164392,26266822.8,15014887.53828,ARBUSDT
2024-08-12,0.5521,0.5969,0.5451,0.5892,71398366.6,41000197.68634,203333,38564035.9,22142703.45427,ARBUSDT
2024-08-13,0.5892,0.5925,0.5662,0.5789,43145268.4,24961092.5344,120741,21692031.8,12553908.90129,ARBUSDT
2024-08-14,0.5788,0.5879,0.5544,0.5617,57301949.2,32780730.68766,164088,26757678.7,15323029.48537,ARBUSDT
2024-08-15,0.5618,0.5704,0.5307,0.5359,54818059.9,30190151.60008,134117,28072907.2,15458620.92874,ARBUSDT
2024-08-16,0.5359,0.55,0.5211,0.5335,39518861.4,21186482.7925,107770,19820396.1,10624410.11017,ARBUSDT
2024-08-17,0.5336,0.544,0.5307,0.5402,18464408.2,9900290.09796,57613,9294473.9,4984838.99403,ARBUSDT
2024-08-18,0.5403,0.5544,0.5355,0.537,24095582.6,13144859.76198,101316,11662873.0,6364736.28123,ARBUSDT
2024-08-19,0.537,0.5425,0.5264,0.5404,35212149.4,18821790.6986,96793,17738670.9,9476838.11315,ARBUSDT
2024-08-20,0.5405,0.5543,0.5268,0.5353,46490798.5,25171957.33917,145530,22837556.5,12368027.24759,ARBUSDT
2024-08-21,0.5353,0.5595,0.5263,0.5528,46851310.1,25372049.05211,203695,22688394.4,12293635.75657,ARBUSDT
2024-08-22,0.5529,0.5691,0.5422,0.5617,49073388.5,27462587.20809,187690,21249412.1,11879006.82789,ARBUSDT
2024-08-23,0.5618,0.6093,0.561,0.6027,68546709.3,39827873.45233,247478,35477255.2,20621265.83397,ARBUSDT
2024-08-24,0.6027,0.6366,0.5976,0.6216,69988707.5,43101230.15552,261552,33730692.3,20785730.29833,ARBUSDT
2024-08-25,0.6216,0.6222,0.5891,0.5976,52253259.3,31447195.19283,298271,26137247.1,15723740.95755,ARBUSDT
2024-08-26,0.5978,0.6052,0.5687,0.5711,54469415.6,32135675.74456,266723,27164356.2,16032909.15484,ARBUSDT
2024-08-27,0.571,0.5799,0.5124,0.5253,74831487.4,41156036.14634,329357,36319683.2,19959538.96332,ARBUSDT
2024-08-28,0.5252,0.5376,0.5065,0.522,75299125.1,39397807.67952,310111,39161497.3,20498105.69235,ARBUSDT
2024-08-29,0.5219,0.5341,0.5067,0.5129,41012369.9,21417579.79629,195745,21863836.1,11424481.27756,ARBUSDT
2024-08-30,0.5128,0.5165,0.4857,0.5138,57749952.8,29048971.70156,230214,29852684.3,15022102.4612,ARBUSDT
2024-08-31,0.5139,0.5197,0.5072,0.5141,17978638.3,9219500.63434,72305,9276566.9,4757090.24327,ARBUSDT
2024-09-01,0.5141,0.5145,0.484,0.49,35296124.8,17686949.42007,147689,18264600.3,9151167.76896,ARBUSDT
2024-09-02,0.4898,0.5223,0.4891,0.5164,40271673.3,20463584.20089,199895,21018025.8,10684446.8764,ARBUSDT
2024-09-03,0.5164,0.5212,0.4932,0.4943,37522028.0,19030521.66155,196885,19481491.1,9883169.2676,ARBUSDT
2024-09-04,0.4943,0.514,0.4671,0.4971,59525524.6,29281963.87126,220237,29990313.4,14761724.85342,ARBUSDT
2024-09-05,0.4971,0.5026,0.4895,0.4972,41024860.7,20348797.53888,117703,20779311.3,10307324.60174,ARBUSDT
2024-09-06,0.4971,0.5078,0.4685,0.4808,111376076.6,54846256.3082,281021,53088275.4,26153209.39385,ARBUSDT
2024-09-07,0.4807,0.5052,0.4798,0.5011,32413466.9,16124466.90836,106539,15952804.6,7930027.48381,ARBUSDT
2024-09-08,0.5011,0.5162,0.4966,0.5088,34014409.0,17211766.7813,115647,16286898.8,8242584.14965,ARBUSDT
2024-09-09,0.5087,0.5323,0.5054,0.524,43532307.8,22561037.131,157871,21557543.3,11167601.25722,ARBUSDT
2024-09-10,0.5239,0.5444,0.5158,0.5335,46963074.2,24848839.4461,155660,25587386.4,13537996.51643,ARBUSDT
2024-09-11,0.5336,0.5343,0.5011,0.5144,58214290.0,29904847.02401,204576,30369115.3,15599868.54859,ARBUSDT
2024-09-12,0.5144,0.527,0.5106,0.5248,40200531.0,20850497.58968,153662,21505787.5,11156686.83384,ARBUSDT
2024-09-13,0.5249,0.5404,0.5161,0.5371,49050690.0,25787158.47085,201124,23774192.9,12516837.63661,ARBUSDT
2024-09-14,0.5371,0.5394,0.5249,0.5306,25610328.0,13620208.0133,93567,12628541.2,6717278.96646,ARBUSDT
2024-09-15,0.5306,0.5406,0.5084,0.511,43404902.7,22958102.27611,154314,21327176.8,11283641.69548,ARBUSDT
2024-09-16,0.5109,0.5172,0.4975,0.5107,48340207.0,24417507.85574,196092,25784666.6,13024843.96459,ARBUSDT
2024-09-17,0.5106,0.5308,0.5046,0.5222,52590694.7,27217520.35574,164846,28423007.9,14711487.909,ARBUSDT
2024-09-18,0.5221,0.5295,0.501,0.5292,54836007.7,28225032.72722,161647,28649206.2,14753280.72328,ARBUSDT
2024-09-19,0.5291,0.5812,0.5291,0.5574,81419461.2,45145284.14152,222161,40229579.7,22279315.14328,ARBUSDT
2024-09-20,0.5574,0.5883,0.5497,0.5774,66436156.4,38124510.31593,220049,33364340.4,19146843.25583,ARBUSDT
2024-09-21,0.5773,0.6233,0.5667,0.6156,70221841.1,41852864.87559,213744,36453505.7,21724410.93586,ARBUSDT
2024-09-22,0.6156,0.6216,0.5831,0.6,56639949.6,33960916.54822,160349,28231344.9,16919341.85835,ARBUSDT
2024-09-23,0.6,0.6238,0.5891,0.5987,67554239.2,40982736.53445,185321,34508282.4,20929040.96451,ARBUSDT
2024-09-24,0.5987,0.618,0.5847,0.614,68870851.3,41249773.00384,174048,35255582.7,21120022.19525,ARBUSDT
2024-09-25,0.6141,0.6339,0.5958,0.5986,66497232.4,40879946.0816,176571,34002662.0,20911071.05005,ARBUSDT
2024-09-26,0.5987,0.6445,0.5877,0.62,87210385.5,54112334.5121,228253,43475743.2,26974501.27458,ARBUSDT
2024-09-27,0.6199,0.6807,0.618,0.6678,90607335.8,58673172.32071,248975,46769342.6,30282553.41751,ARBUSDT
2024-09-28,0.6678,0.6727,0.6335,0.6473,51862964.0,33819709.96435,161016,25208840.2,16440902.81836,ARBUSDT
2024-09-29,0.6474,0.6577,0.6316,0.6454,43595740.2,28067610.31296,156455,22678273.2,14602976.8771,ARBUSDT
2024-09-30,0.6455,0.6537,0.5982,0.6042,67462185.9,42337529.0642,198917,33997688.9,21330321.8971,ARBUSDT
2024-10-01,0.6042,0.6294,0.5333,0.5506,112193266.3,64602315.56183,307500,57697994.8,33206430.75853,ARBUSDT
2024-10-02,0.5506,0.5637,0.5248,0.5317,72502355.1,39629545.19235,215078,36490376.5,19947710.68856,ARBUSDT
2024-10-03,0.5318,0.5436,0.5146,0.5336,66568308.0,35198854.42069,202256,35666206.9,18858331.3416,ARBUSDT
2024-10-04,0.5337,0.568,0.5315,0.5652,47077536.2,26031954.34546,156102,25059671.1,13858337.86692,ARBUSDT
2024-10-05,0.5651,0.5699,0.5427,0.5501,31880443.7,17749897.70617,96604,16543290.6,9214892.36032,ARBUSDT
2024-10-06,0.5502,0.5639,0.548,0.5595,28111615.7,15600962.63795,91553,14451792.9,8023753.26628,ARBUSDT
2024-10-07,0.5595,0.5757,0.5485,0.5492,62562479.3,35214580.36741,179847,31007832.1,17458520.70031,ARBUSDT
2024-10-08,0.5492,0.5573,0.5347,0.5405,52330611.6,28599540.28475,108507,27312410.4,14925773.28574,ARBUSDT
2024-10-09,0.5405,0.5486,0.5148,0.5215,43129014.1,22987266.86138,74956,22173797.4,11817382.40483,ARBUSDT
2024-10-10,0.5214,0.5301,0.5062,0.5256,47191743.0,24531988.96437,67827,24393345.6,12685416.9228,ARBUSDT
2024-10-11,0.5255,0.5427,0.5229,0.5342,52541209.3,28097075.22756,66129,29693688.3,15884310.36569,ARBUSDT
2024-10-12,0.5341,0.5453,0.5291,0.5379,66477775.6,35722660.41333,78086,35062856.3,18835386.10744,ARBUSDT
2024-10-13,0.538,0.5395,0.5181,0.5295,75567909.3,40077996.85501,83216,39243846.3,20803247.72737,ARBUSDT
2024-10-14,0.5295,0.5689,0.5182,0.5647,95141153.9,52041451.49345,122716,50299759.5,27504660.03987,ARBUSDT
2024-10-15,0.5648,0.5834,0.5435,0.5677,109822801.5,61814483.74777,154227,55298969.2,31128333.04128,ARBUSDT
2024-10-16,0.5678,0.5833,0.5551,0.5573,92491931.6,52700637.96553,146991,46682178.4,26612472.87499,ARBUSDT
2024-10-17,0.5574,0.566,0.5409,0.5469,58969438.3,32484235.42731,96196,29176669.5,16069282.22956,ARBUSDT
2024-10-18,0.5468,0.5722,0.5436,0.5635,47768366.9,26735981.32591,79279,24249547.2,13567414.37043,ARBUSDT
2024-10-19,0.5634,0.5723,0.5555,0.5662,30727259.2,17334833.60468,58642,15094720.0,8519884.03322,ARBUSDT
2024-10-20,0.5663,0.6198,0.561,0.6129,94985918.5,56615976.36239,193745,49808162.8,29662303.99128,ARBUSDT
2024-10-21,0.6129,0.617,0.5803,0.5881,64126905.9,38233391.81598,125230,30351824.5,18101930.09508,ARBUSDT
2024-10-22,0.5881,0.6005,0.5728,0.58,50577555.8,29586480.62647,108836,24251089.2,14191031.95654,ARBUSDT
2024-10-23,0.58,0.5815,0.5429,0.5597,62472936.0,35162246.76919,115998,30236200.5,17016955.69697,ARBUSDT
2024-10-24,0.5596,0.5695,0.5518,0.5611,42303274.9,23742503.02452,80230,22020721.9,12357853.99036,ARBUSDT
2024-10-25,0.5611,0.5625,0.483,0.5069,100223344.9,53449365.33576,169705,50703114.4,27052255.21649,ARBUSDT
2024-10-26,0.5069,0.5212,0.497,0.5144,56559238.7,28801504.5508,94284,30338253.7,15451094.8554,ARBUSDT
2024-10-27,0.5144,0.5248,0.5066,0.5195,28036756.7,14442104.24671,57684,13705870.1,7061806.15137,ARBUSDT
2024-10-28,0.5195,0.5299,0.5027,0.5225,62460905.1,32258700.51698,112332,31369441.9,16201059.75962,ARBUSDT
2024-10-29,0.5226,0.5509,0.5211,0.5475,57942525.4,31136962.16131,106151,30451531.5,16357697.53242,ARBUSDT
2024-10-30,0.5475,0.57,0.5385,0.5573,87086680.0,48357838.25228,143794,44026733.2,24471139.50024,ARBUSDT
2024-10-31,0.5573,0.5612,0.5193,0.527,51682765.1,27769757.82976,92100,24355188.8,13087340.65735,ARBUSDT
2024-11-01,0.527,0.5447,0.5108,0.5195,55254610.1,29198630.22099,104478,27690175.6,14638649.6533,ARBUSDT
2024-11-02,0.5195,0.5255,0.5005,0.5045,27287154.2,13983708.30936,60898,14208138.1,7277873.54401,ARBUSDT
2024-11-03,0.5045,0.5055,0.4605,0.4823,79977965.8,38418392.00836,142973,41007977.3,19696806.05321,ARBUSDT
2024-11-04,0.4823,0.4918,0.4597,0.4733,53553089.0,25618751.88478,86423,27294360.0,13056396.9932,ARBUSDT
2024-11-05,0.4732,0.4965,0.4726,0.4904,50599700.7,24567788.67222,82242,26614778.4,12923780.95317,ARBUSDT
2024-11-06,0.4905,0.5562,0.4905,0.5486,125101047.3,65539712.53455,201835,64337726.6,33695049.17096,ARBUSDT
2024-11-07,0.5485,0.5936,0.5456,0.5807,147156809.3,84550881.9898,246885,72932585.8,41907804.01191,ARBUSDT
2024-11-08,0.5808,0.5983,0.5665,0.5915,100325508.4,58441933.09283,175194,49459929.3,28819121.93776,ARBUSDT
2024-11-09,0.5915,0.6247,0.579,0.6197,102302821.4,61652575.48323,195560,51160752.8,30836141.28833,ARBUSDT
2024-11-10,0.6197,0.6554,0.5958,0.6287,181586374.7,114557468.92723,363997,91373082.3,57668965.62873,ARBUSDT
2024-11-11,0.6288,0.6719,0.6102,0.6712,188575428.5,120718524.70468,312110,92765270.7,59371205.96108,ARBUSDT
2024-11-12,0.6713,0.6892,0.6031,0.63,275068033.9,176812958.53346,479961,138450524.7,89001092.58901,ARBUSDT
2024-11-13,0.6301,0.6441,0.571,0.6119,219108006.5,133558825.1582,405100,110593110.2,67428415.16363,ARBUSDT
2024-11-14,0.6119,0.6359,0.5718,0.5802,143196294.9,86619746.21916,221054,72343068.4,43795358.21265,ARBUSDT
2024-11-15,0.5801,0.613,0.5663,0.6065,96920226.8,56935686.79448,160834,50639051.4,29752686.11463,ARBUSDT
2024-11-16,0.6065,0.7639,0.6017,0.7251,233479351.4,159372740.32796,449974,123360874.3,84048627.71943,ARBUSDT
2024-11-17,0.7251,0.7323,0.6593,0.6741,148928052.5,102964827.45959,343531,74431700.4,51452141.86627,ARBUSDT
2024-11-18,0.6741,0.7494,0.6708,0.7385,173745357.5,121881388.3068,371439,88793710.8,62322330.93692,ARBUSDT
2024-11-19,0.7386,0.756,0.6745,0.6919,113438229.1,80004572.9002,257982,61336330.8,43259226.60605,ARBUSDT
2024-11-20,0.692,0.7161,0.6481,0.6721,105850584.0,72183437.02751,248546,53556573.5,36541453.45959,ARBUSDT
2024-11-21,0.672,0.8221,0.6495,0.7785,285781638.2,216597644.49247,685482,142940542.1,108225420.25539,ARBUSDT
2024-11-22,0.7785,0.8413,0.7557,0.8092,200693678.4,158678497.97161,436754,108698463.8,86003712.61836,ARBUSDT
2024-11-23,0.8093,0.8827,0.7989,0.8554,222892267.1,188148912.11191,525556,112473358.9,94904771.04373,ARBUSDT
2024-11-24,0.8555,0.9115,0.7953,0.8621,185904130.4,157776784.59576,454200,91980395.3,78148267.63886,ARBUSDT
2024-11-25,0.8624,0.9571,0.8223,0.9053,280116349.8,253766608.67613,672599,142470602.8,129164592.97253,ARBUSDT
2024-11-26,0.9053,0.9271,0.8294,0.8702,178910383.3,156943303.09696,441108,91378297.3,80241576.69084,ARBUSDT
2024-11-27,0.8702,0.9745,0.8477,0.9678,173309999.1,159409302.68013,408219,90061929.9,82895763.51414,ARBUSDT
2024-11-28,0.9674,0.9806,0.8869,0.9134,132599267.5,122376441.66453,303989,65070869.3,60118665.63976,ARBUSDT
2024-11-29,0.9139,0.9405,0.8927,0.9304,75553273.1,69278119.77747,172012,36712062.9,33648476.9525,ARBUSDT
2024-11-30,0.9304,0.9874,0.9203,0.9712,118455370.6,113808325.86732,299800,58981724.7,56665281.68493,ARBUSDT
2024-12-01,0.9714,0.9968,0.943,0.9689,87276423.5,84173747.28266,246485,45877537.7,44241735.67556,ARBUSDT
2024-12-02,0.9689,1.0525,0.8958,1.0267,222775850.3,215516906.65992,502899,113700705.2,110076458.5855,ARBUSDT
2024-12-03,1.0267,1.0862,0.9612,1.0451,184633925.3,190301178.29295,526235,91847513.9,94634410.31028,ARBUSDT
2024-12-04,1.0453,1.1892,1.0434,1.1357,215840819.7,242229861.00968,648675,109235440.6,122583038.56549,ARBUSDT
2024-12-05,1.1357,1.1598,1.0697,1.1018,149659929.1,168287859.66493,479771,75540801.9,84948528.61467,ARBUSDT
2024-12-06,1.1018,1.2384,1.0918,1.1735,171464570.8,201444492.05339,500558,87062813.6,102267047.4657,ARBUSDT
2024-12-07,1.1735,1.1859,1.1504,1.1634,69002328.9,80681314.84642,200424,34150952.5,39942746.96319,ARBUSDT
2024-12-08,1.1635,1.1872,1.1287,1.1583,56456014.3,65327992.21179,150161,28101487.5,32566628.92956,ARBUSDT
2024-12-09,1.1584,1.1614,0.85,0.9598,202043950.0,207099165.22697,591150,100296658.4,102699301.63022,ARBUSDT
2024-12-10,0.96,1.0155,0.8747,0.9382,202860542.5,190623754.2321,561356,103532413.1,97396308.44199,ARBUSDT
2024-12-11,0.9384,1.0221,0.8921,0.9995,109594687.8,106036448.1712,278355,57214076.8,55381998.56117,ARBUSDT
2024-12-12,0.9996,1.1014,0.9914,1.0273,134010039.6,141453467.00107,398505,68403467.1,72254466.21628,ARBUSDT
2024-12-13,1.0273,1.0767,1.0011,1.0339,112016772.1,116513326.14069,302467,58275825.9,60636762.33925,ARBUSDT
2024-12-14,1.0339,1.0513,0.9576,0.984,77777749.5,78030317.64151,192466,37335062.3,37494625.14089,ARBUSDT
2024-12-15,0.9841,1.0217,0.9565,1.0168,73527805.4,72794396.97503,174894,36353257.6,36001348.34397,ARBUSDT
2024-12-16,1.017,1.055,0.9643,1.0027,126720580.2,127861342.13532,305991,62753728.0,63336647.3761,ARBUSDT
2024-12-17,1.0028,1.0161,0.9335,0.9482,96115228.8,94629370.27915,253514,48173100.1,47456545.42526,ARBUSDT
2024-12-18,0.9483,0.9555,0.85,0.8612,130432817.7,119178404.30899,341315,64411882.9,58846982.83982,ARBUSDT
2024-12-19,0.8611,0.8722,0.7517,0.7799,181605982.1,147547419.91039,453301,91634568.1,74564931.24402,ARBUSDT
2024-12-20,0.78,0.814,0.6676,0.796,199170542.2,147619477.76933,461925,97169992.9,72037797.54313,ARBUSDT
2024-12-21,0.7963,0.8471,0.7326,0.7494,107655806.1,84216155.61773,218283,53162506.7,41617422.09769,ARBUSDT
2024-12-22,0.7494,0.7712,0.7207,0.747,75794218.5,56704859.77508,151495,37581613.0,28143167.96644,ARBUSDT
2024-12-23,0.7469,0.8168,0.7257,0.8004,101336884.2,77752576.14354,183660,51862211.0,39793074.78967,ARBUSDT
2024-12-24,0.8004,0.8385,0.7815,0.8183,54510440.4,44106114.10625,118043,28138075.0,22764084.34627,ARBUSDT
2024-12-25,0.818,0.8227,0.7878,0.8055,46143577.6,37098068.69052,90330,22186971.7,17843951.69443,ARBUSDT
2024-12-26,0.8055,0.8109,0.7372,0.7534,58233632.5,44392007.25032,109519,28294786.1,21552401.91329,ARBUSDT
2024-12-27,0.7535,0.7946,0.7482,0.7607,65926857.7,50800020.40473,137114,33598267.7,25893463.61767,ARBUSDT
2024-12-28,0.7607,0.7827,0.7486,0.7759,26427612.6,20147685.48558,65660,14098122.2,10751344.73763,ARBUSDT
2024-12-29,0.776,0.7831,0.734,0.7423,30881279.7,23535962.0476,73367,15304824.6,11669380.1339,ARBUSDT
2024-12-30,0.7423,0.7712,0.7176,0.7333,58841461.3,43776006.62625,112933,29289901.4,21801927.20321,ARBUSDT
2024-12-31,0.7335,0.7591,0.7138,0.7222,39328189.6,28814659.58541,81270,20130771.2,14746338.7566,ARBUSDT
